frame,time_ps,rmsd_angstrom
0,0.0,0.0
1,1.0,0.03872982785105705
2,2.0,0.07937253266572952
